{"train_acc": [13.817527991936142, 68.45288364617103, 91.85169041327268, 94.79118424278748, 95.74740512708748, 96.23777481134388, 96.89977388509004, 97.49094178222137, 97.53997875064701, 97.51273599041055, 97.86689187348462], "val_acc": [13.738523987250389, 88.23930040591712, 99.26989402566268, 99.2944125098755, 99.45514479527066, 99.67308687716239, 99.59408287247663, 99.30803388999374, 99.80112785027379, 99.72484812161169, 99.56684011224017], "step": [72, 792, 1512, 2232, 2952, 3672, 4392, 5112, 5832, 6552, 7272]}