{"train_acc": [4.8187255859375, 49.9786376953125, 61.077880859375, 66.6259765625, 66.5618896484375, 66.2811279296875, 66.986083984375, 66.8670654296875, 67.169189453125, 66.4581298828125, 66.32080078125, 66.4031982421875, 68.6614990234375, 68.212890625, 68.7103271484375, 71.2371826171875, 93.3685302734375, 98.7213134765625, 98.92578125, 99.4049072265625, 98.065185546875, 97.088623046875, 98.712158203125, 99.5208740234375, 99.5758056640625, 99.3377685546875, 98.5260009765625, 97.467041015625, 98.2818603515625, 99.3621826171875, 99.2156982421875], "val_acc": [8.3343505859375, 45.8160400390625, 51.171875, 53.89404296875, 53.558349609375, 52.5054931640625, 53.2928466796875, 52.9083251953125, 52.6397705078125, 54.18701171875, 54.06494140625, 53.94287109375, 51.4892578125, 52.5848388671875, 51.08642578125, 51.678466796875, 93.8262939453125, 99.334716796875, 99.3377685546875, 99.84130859375, 98.8006591796875, 99.3011474609375, 99.7894287109375, 99.859619140625, 99.8931884765625, 99.700927734375, 99.0814208984375, 99.3408203125, 99.3560791015625, 99.822998046875, 99.8687744140625], "step": [64, 704, 1344, 1984, 2624, 3264, 3904, 4544, 5184, 5824, 6464, 7104, 7744, 8384, 9024, 9664, 10304, 10944, 11584, 12224, 12864, 13504, 14144, 14784, 15424, 16064, 16704, 17344, 17984, 18624, 19264]}